collected_in,company,date,title,locations,salary,source_url,skills,source
2018-12,Alamo Drafthouse Cinemas,"Fri, 30 Nov 2018 08:10:25 GMT",Benefits Analyst,"Austin, TX",,https://www.careerjet.com/job/14b492f081cdb7f15be85ebe0ab90838.html,excel|accounting|food|operation|degree|ms|5,careerjet-2018
2018-12,Direct Energy,"Thu, 13 Dec 2018 08:22:24 GMT",Senior Data Systems Analyst,"Houston, TX",,https://www.careerjet.com/job/84b6a31a6a269ca6f997f4e7def7228e.html,tableau|python|word|big data|computer science|statistics|model|modeling|marketing|business|logistic|bachelor|degree|r|java|5,careerjet-2018
2018-12,The Hunt Corporation,"Thu, 13 Dec 2018 08:58:58 GMT",Project Controls Analyst II,"Austin, TX",$100000 per year,https://www.careerjet.com/job/1c4a5837439a3551788b39d7fc93d68e.html,excel|word|business|bachelor|degree|r|ms|ma|2,careerjet-2018
2018-12,Ryder Logistics & Transportation,"Thu, 13 Dec 2018 08:52:22 GMT",Logistics Analyst,"Fort Worth, TX",,https://www.careerjet.com/job/c5f1a1895a4bd1b7cf718e890230b49b.html,excel|word|business|logistic|operation|bachelor|degree|ms|8,careerjet-2018
2018-12,Maxim Government Services,"Thu, 06 Dec 2018 08:53:09 GMT",Board Certified Behavior Analyst BCBA,"Houston, TX",,https://www.careerjet.com/job/6652af1a4f32fd4e84a03f52abee1a44.html,model|healthcare|degree,careerjet-2018
2018-12,Paccar,"Wed, 12 Dec 2018 08:36:21 GMT",IT Data Analyst Intern - Summer 2019 Job,"Denton, TX",,https://www.careerjet.com/job/554317ca9a128720def2a168abe27089.html,sql|python|excel|microsoft office|computer science|model|business|bachelor|degree|r|java,careerjet-2018
2018-12,CPS Energy,"Wed, 12 Dec 2018 07:38:03 GMT",Data Engineer,"San Antonio, TX",,https://www.careerjet.com/job/90892ae46aded8abcfe4233390fc136c.html,sql|python|oracle|enterprise|cloud|big data|computer science|model|modeling|business|operation|human resources|bachelor|degree,careerjet-2018
2018-12,NTT Data,"Thu, 13 Dec 2018 06:38:41 GMT",Clinical-Technical Help Desk Support Analyst,"Plano, TX",,https://www.careerjet.com/job/57dd18864359cd933a9dd925d258b34b.html,cloud|business|master|degree|1,careerjet-2018
2018-12,Bansar Technologies Inc,"Fri, 16 Nov 2018 08:14:29 GMT",Business Data Analyst,"Austin, TX",,https://www.careerjet.com/job/975c852d5ee3c69118c9e27d142364b0.html,sql|tableau|model|modeling|business,careerjet-2018
2018-12,Bansar Technologies Inc,"Sun, 11 Nov 2018 08:52:22 GMT",Data Architect/Data Analyst,"Austin, TX",,https://www.careerjet.com/job/5293c054e9b6ff312bf0e545b45c775f.html,sql|oracle|model|modeling,careerjet-2018
2018-12,Unknown,"Sun, 04 Nov 2018 08:40:47 GMT",Financial Analyst Lead,"Austin, TX",,https://www.careerjet.com/job/b4b9d6518853b7708d9883011f0ebc95.html,word|finance|accounting|model|business|operation|bachelor|master|degree|7,careerjet-2018
2018-12,Bansar Technologies Inc,"Mon, 05 Nov 2018 08:31:30 GMT",Senior Data Analyst,"Austin, TX",,https://www.careerjet.com/job/e731dd53e53b2f0dc8a73b7e14293dc4.html,sql|oracle,careerjet-2018
2018-12,Targetbase,"Thu, 13 Dec 2018 08:21:38 GMT",Business Analyst,"Irving, TX",,https://www.careerjet.com/job/45f8e6c4843306b045c1f32b254e3be2.html,sql|excel|microsoft office|crm|model|modeling|marketing|sales|business|operation|bachelor|degree|5,careerjet-2018
2018-12,Targetbase,"Thu, 13 Dec 2018 08:20:15 GMT","Financial Analyst, Jr","Irving, TX",,https://www.careerjet.com/job/7f29aa140df358c273aa268b81002186.html,excel|microsoft office|finance|accounting|forecasting|economics|model|marketing|business|operation|bachelor|degree|ms|3,careerjet-2018
2018-12,Targetbase,"Thu, 13 Dec 2018 08:13:42 GMT","Analyst, Analytics","Irving, TX",,https://www.careerjet.com/job/1c8a6c2a4e12081438b892eca6d956dd.html,sql|python|excel|word|marketing|business|bachelor|masters|master|degree|sas|r|4,careerjet-2018
2018-12,NTT Data,"Wed, 21 Nov 2018 08:06:44 GMT",Senior Business Data Analyst,"Austin, TX",,https://www.careerjet.com/job/90544e861ae68a377b7a78f885b404f1.html,cloud|model|business|5,careerjet-2018
2018-12,NTT Data,"Wed, 21 Nov 2018 07:51:26 GMT",Senior Business Data Analyst,"Austin, TX",,https://www.careerjet.com/job/60fbf3d7f6ed89b700b32b027bfbdb85.html,cloud|model|business|5,careerjet-2018
2018-12,CyberCoders,"Thu, 13 Dec 2018 08:42:26 GMT",Senior Data Analyst,"Austin, TX",$120000 - 160000 per year,https://www.careerjet.com/job/1d42686ce46ee3fd51eb15c558cd6572.html,tableau|excel|big data|statistics|model|modeling|business|entertainment|bachelor|degree|r|5,careerjet-2018
2018-12,Robert Half,"Thu, 13 Dec 2018 08:11:34 GMT",Financial Data Analyst,"Plano, TX",$18 - 19 per hour,https://www.careerjet.com/job/01cc7b4c0267710c32cd3f6fbdc97eb7.html,excel|word|microsoft office|finance|accounting|economics|sales|business|master|sap|6,careerjet-2018
2018-12,Robert Half,"Thu, 13 Dec 2018 08:10:08 GMT",Data Reporting Analyst,"Dallas, TX",,https://www.careerjet.com/job/13068bec6d53419ebe13104b4688fb95.html,sql|python|excel|model|modeling|marketing|business|bachelor|degree|65,careerjet-2018
2018-12,Wits Solutions Inc,"Thu, 13 Dec 2018 07:49:00 GMT",Data Scientist - Senior Analyst Consultant,"Irving, TX",,https://www.careerjet.com/job/d99deef90c5eee6a2dea1d3d79dc0b95.html,python|cloud|computer science|business|bachelor|degree|sas|r,careerjet-2018
2018-12,ReqRoute,"Thu, 13 Dec 2018 06:52:35 GMT",9063 BI Data Analyst,"Plano, TX",,https://www.careerjet.com/job/04589cac227c6607a365c5ed6cc37f3e.html,sql|business,careerjet-2018
2018-12,St Joseph Health System,"Thu, 13 Dec 2018 06:20:01 GMT",Clinical Data Analyst,"Lubbock, TX",,https://www.careerjet.com/job/37d54198098f1121c00e1b44fb011601.html,sql|excel|model|modeling|healthcare|business|operation|bachelor|degree|3,careerjet-2018
2018-12,Robert Half,"Thu, 13 Dec 2018 04:58:15 GMT",Data Analyst,"Dallas, TX",$70000 - 75000 per year,https://www.careerjet.com/job/01907084254c2e9f47edc3eff67468ca.html,excel|sales|business|bachelor|degree|5,careerjet-2018
2018-12,Dow,"Thu, 13 Dec 2018 04:09:26 GMT",Production Data Analyst,"Texas City, TX",,https://www.careerjet.com/job/70f7e5d64607db11f9e713a86c46b12c.html,excel|finance|accounting|forecasting|business|operation|master|sap|2,careerjet-2018
2018-12,Atrilogy,"Thu, 13 Dec 2018 03:31:11 GMT",BI Data Analyst,"Westlake, TX",,https://www.careerjet.com/job/b7096e743e5951bdb1a4f268c9d9949a.html,sql|excel|word|crm|oracle|big data|model|sales|business|masters|master|degree|sap,careerjet-2018
2018-12,Robert Half,"Thu, 13 Dec 2018 02:44:26 GMT",Data Analyst,"Dallas, TX",$70000 - 75000 per year,https://www.careerjet.com/job/cfe4cc5509c5a470521d248bd534db32.html,excel|sales|business|bachelor|degree|5,careerjet-2018
2018-12,North Texas LEAD,"Thu, 13 Dec 2018 00:48:22 GMT",IT Business Systems Data Analyst,"Fort Worth, TX",,https://www.careerjet.com/job/35a13e7b1b191d3efc13b80b8f512156.html,sql|excel|microsoft office|computer science|business|operation|bachelor|degree,careerjet-2018
2018-12,CVS Health,"Thu, 13 Dec 2018 00:15:48 GMT",Sr Analyst Data Warehouse,"Richardson, TX",,https://www.careerjet.com/job/3b5656afe42d2602b51f15fe4e386719.html,python|excel|enterprise|big data|computer science|business|bachelor|degree|3,careerjet-2018
2018-12,Chevron,"Wed, 12 Dec 2018 23:54:57 GMT",S&T- Market Data Analyst,"Houston, TX",,https://www.careerjet.com/job/8a6cd08d613a79ce6766c9961804136c.html,business|bachelor|degree|8,careerjet-2018
2018-12,Cenpatico,"Sat, 08 Dec 2018 08:14:59 GMT",Business Analyst II(Healthcare Data,"Austin, TX",,https://www.careerjet.com/job/bff6ad4c48679b97d7e0cd3da23bc717.html,sql|excel|healthcare|business|operation|bachelor|degree|4,careerjet-2018
2018-12,Cheniere,"Sat, 08 Dec 2018 07:17:38 GMT",Health and Safety Data Analyst,"Houston, TX",,https://www.careerjet.com/job/fe3e5e4701057eda33528c26757cdfdf.html,excel|microsoft office|enterprise|business|operation|bachelor|degree,careerjet-2018
2018-12,Unknown,"Sat, 08 Dec 2018 01:25:54 GMT",Data Science Analyst - Strategic Data Solutions,"Austin, TX",,https://www.careerjet.com/job/cf91099fed241f07d51ec9dafed501aa.html,sql|python|excel|big data|computer science|statistics|business|bs|ms,careerjet-2018
2018-12,Robert Half,"Sat, 08 Dec 2018 00:13:30 GMT",Data Analyst,"San Antonio, TX",$25 - 27 per hour,https://www.careerjet.com/job/9d89c5b04bedd12ae4c24cc278ca7886.html,excel|word|oracle|finance|accounting|master|sap,careerjet-2018
2018-12,Textron,"Sat, 08 Dec 2018 00:10:22 GMT",Data Analyst (V-247Program),"Fort Worth, TX",,https://www.careerjet.com/job/94a74f362462282297db8b3e9536d475.html,excel|finance|accounting|business|bachelor|degree|sap|ms|2,careerjet-2018
2018-12,Saxon Global,"Fri, 07 Dec 2018 23:52:58 GMT","Senior Data Analyst Developer (SSIS, SSRS)","San Antonio, TX",,https://www.careerjet.com/job/e7895c514f0ab58aa35e9e3ac86369be.html,,careerjet-2018
2018-12,Princeton Information,"Fri, 07 Dec 2018 23:51:06 GMT",Data Analyst - III,"Dallas, TX",$48.64 - 65.67 per hour,https://www.careerjet.com/job/66b564baf28e500c88eb15f18b818229.html,sql|tableau|word|big data|statistics|economics|model|modeling|business|bachelor|master|degree|5,careerjet-2018
2018-12,CornerStone Staffing,"Fri, 07 Dec 2018 23:45:31 GMT",Data Analyst,"Richardson, TX",$24 per hour,https://www.careerjet.com/job/0a296d21088bc8c6f5b43b7fa590803a.html,sql|excel|word|ms|2,careerjet-2018
2018-12,TechnipFMC,"Fri, 07 Dec 2018 23:03:43 GMT",Data Support Analyst,"Houston, TX",,https://www.careerjet.com/job/ff10336f6b5f898ba2bbc2ce5f61440c.html,oracle|computer science|business,careerjet-2018
2018-12,Advantage Resourcing,"Fri, 07 Dec 2018 08:53:33 GMT",Data Analyst,"Round Rock, TX",,https://www.careerjet.com/job/3d383317ec95a416bba3d964910a7349.html,tableau|excel|finance|accounting|sales,careerjet-2018
2018-12,McKesson Technologies Limited,"Fri, 07 Dec 2018 08:50:32 GMT",Data Management Analyst,"Irving, TX",,https://www.careerjet.com/job/7fe62b912a8c652874633cc9ec74fb71.html,sql|excel|healthcare|business|operation|master|degree|ms|2,careerjet-2018
2018-12,Endurix,"Fri, 07 Dec 2018 08:49:51 GMT",HR Data Analyst,"Dallas, TX",,https://www.careerjet.com/job/fd164df8f748f97ec4afdcfcfde01629.html,sql|excel|finance|model|business|human resources|master|degree,careerjet-2018
2018-12,Unknown,"Fri, 07 Dec 2018 08:37:49 GMT",Data Science Analyst - Strategic Data Solutions,"Austin, TX",,https://www.careerjet.com/job/e2bca52a3d745f599ceb460ac512a719.html,sql|python|excel|big data|computer science|statistics|business|bs|ms,careerjet-2018
2018-12,EPMA,"Fri, 07 Dec 2018 08:27:22 GMT",Data Analyst,"Addison, TX",,https://www.careerjet.com/job/75ede1521a4ee84d61a78b58ff5a7f2d.html,excel|microsoft office|computer science|business|degree|3,careerjet-2018
2018-12,Verveba Analytics,"Fri, 07 Dec 2018 08:24:26 GMT",Data Analyst/ Hadoop developer,"Richardson, TX",,https://www.careerjet.com/job/015f4650bba10c8394f017bb9809fcfb.html,python|cloud|big data|computer science|model|modeling|business|human resources|bachelor|degree|sas|r|java|3,careerjet-2018
2018-12,Statera,"Fri, 07 Dec 2018 07:50:25 GMT",Data Analyst - CTH - Dallas,"Dallas, TX",,https://www.careerjet.com/job/34702c994b2cceca7b3a7f92437e2046.html,sql|excel|big data|computer science|statistics|economics|model|business|bachelor|degree|sas|3,careerjet-2018
2018-12,Unknown,"Fri, 07 Dec 2018 06:29:55 GMT",Data Science Analyst - Strategic Data Solutions,"Austin, TX",,https://www.careerjet.com/job/8fd0ad47077b0885f31650dbcb2f7440.html,sql|python|excel|big data|computer science|statistics|business|bs|ms,careerjet-2018
2018-12,Unknown,"Fri, 07 Dec 2018 04:57:12 GMT",Data Science Analyst - Strategic Data Solutions,"Austin, TX",,https://www.careerjet.com/job/926e6ef1cb221909334d8f7009a43893.html,sql|python|excel|big data|computer science|statistics|business|bs|ms,careerjet-2018
2018-12,Texas A&M University,"Fri, 07 Dec 2018 04:41:44 GMT",Data Analyst,"College Station, TX",,https://www.careerjet.com/job/aa9e1faa1902dcdeac1e78b849b1ef5a.html,excel|word|microsoft office|bachelor|degree|3,careerjet-2018
2018-12,Spectrum,"Thu, 06 Dec 2018 23:06:27 GMT",Bus Data Analyst-Call Analytic,"Austin, TX",,https://www.careerjet.com/job/f509658f5538aa61073a0008db463231.html,sql|word|oracle|enterprise|accounting|statistics|economics|business|operation|bachelor|degree|3,careerjet-2018
2018-12,USAA,"Thu, 06 Dec 2018 08:58:51 GMT",Data Quality Analyst I,"San Antonio, TX",,https://www.careerjet.com/job/9815c57f34e7624cb0373019ff5b308d.html,sql|enterprise|model|business|bachelor|master|phd|degree|sas,careerjet-2018
2018-12,Unknown,"Thu, 06 Dec 2018 08:55:31 GMT",TAR-Data Analyst,"Fort Worth, TX",,https://www.careerjet.com/job/bb4ab960510cdd063f9ea0e2320b9374.html,sql|excel|microsoft office|business|bachelor|degree|2,careerjet-2018
2018-12,Unknown,"Thu, 06 Dec 2018 08:49:01 GMT",Data Services Analyst,"Dallas, TX",,https://www.careerjet.com/job/6c1db282a97c7997a26b4252d79cc003.html,sql|finance|operation|bachelor|degree|ms|2,careerjet-2018
2018-12,Unknown,"Thu, 06 Dec 2018 08:43:05 GMT",Data Analyst,"Frisco, TX",,https://www.careerjet.com/job/d0f0091fffdc0d3907c3221e85aca54a.html,sql|python|excel|microsoft office|computer science|statistics|business|operation|bachelor|degree|r|ms|java|2,careerjet-2018
2018-12,Bank of America,"Thu, 06 Dec 2018 06:42:29 GMT",Data Analyst,"Plano, TX",,https://www.careerjet.com/job/c3cdbba9ac3e1ac26d175ed874430eae.html,sql|python|excel|statistics|business|degree|r|5,careerjet-2018
2018-12,Unknown,"Thu, 06 Dec 2018 01:44:20 GMT",Data / Systems Business Analyst II,"Irving, TX",,https://www.careerjet.com/job/7e151125afb3dd2662af02f556601bc3.html,sql|excel|word|healthcare|business|bachelor|degree|java|3,careerjet-2018
2018-12,DSI Systems,"Wed, 05 Dec 2018 23:56:33 GMT",Data Analyst,"Richardson, TX",,https://www.careerjet.com/job/834de28146cf7bfd5cd8ba379c9dc48e.html,sql|excel|crm|sales|business|operation|bachelor|degree|3,careerjet-2018
2018-12,IT Trailblazers LLC,"Wed, 05 Dec 2018 23:08:05 GMT",Senior Business Analyst Business Analyst (Data Transformation),"Plano, TX",,https://www.careerjet.com/job/aeb572b85a2dc5960fd67391479daf92.html,business|master,careerjet-2018
2018-12,Creditserve,"Wed, 05 Dec 2018 08:59:43 GMT",Data / Business Analyst,"Fort Worth, TX",,https://www.careerjet.com/job/66319dcf17f7a611701ee1c8b6fa505e.html,sql|excel|word|microsoft office|model|marketing|business|sas|7,careerjet-2018
2018-12,Creditserve,"Wed, 05 Dec 2018 08:51:11 GMT",Data / Business Analyst,"Austin, TX",,https://www.careerjet.com/job/13b24cd13e18ee6d89bfb7cf76e92aa2.html,sql|excel|word|microsoft office|model|marketing|business|sas|7,careerjet-2018
